1,9780521189392,9780521189392,ENGLISH GRAMMAR IN USE WITH ANSWERS AND CD ROM 4 ED,0,461.5,000,000
2,9780521675437,9780521675437,ESSENTIAL GRAMMAR IN USE THIRD EDITION EDITION WITH ANSWERS AND CDROM,0,493.5,000,000
3,9780521189088,9780521189088,ENGLISH GRAMMAR IN USE WITHOUT ANSWERS  4 ED,0,355,000,000
4,9789686820157,9789686820157,EASY GRAMMAR DELTI CONCISE ENGLISH GRAMMAR TABLES,0,120,000,000
5,9789686820140,9789686820140,ACTION GAMES BOOK 3A EDICION,0,135,000,000
6,9789686820003,9789686820003,GRAMATICA DELTI DE LA LENGUA INGLESA 2DA EDICION,0,149.5,000,000
7,9789686020126,9789686020126,ENGLISH LANGUAGE TEACHING BOOK,0,148.5,000,000
8,9780451181688,9780451181688,THE NEW WORLD DICTIONARY SPANISH ENGLISH ENGLISH SPANISH,0,96,000,000
9,9780553263701,9780553263701,DICCIONARIO BANTAM,0,74.5,000,000
10,9780451219053,9780451219053,NEW AMERICAN WEBSTER HANDY COLLEGE DICTIONARY 4TH EDITION,0,84,000,000
11,9785383600559,9785383600559,PRACTICAL TABLE OF IRREGULAR VERBS,0,35,000,000
12,9785383600542,9785383600542,PRACTICAL TABLE OF REGULAR VERBS,0,35,000,000
13,9785383600122,9785383600122,INSTANT VERB TABLES,0,35,000,000
14,9788466810333,9788466810333,RICHMOND MINI DICTIONARY,0,76,000,000
15,9780877795308,9780877795308,MERRIAM WEBSTERS POCKET DICTIONAY NEW EDITION,0,73.5,000,000
16,9780194333665,9780194333665,OXFORD BASIC ENGLISH DICTIONARY 4th EDITION,0,159,000,000
17,9780521712637,9780521712637,CAMBRIDGE SCHOOL DICTIONARY PAPERBACK WITH CDROM FOR WINDOWS AND MAC,0,393,000,000
18,9781408232361,9781408232361,LOGMAN ACTIVE STUDY DICTIONARY PAPER AND CD ROM 5ED,0,409,000,000
19,9780194313858,9780194313858,DICCIONARIO OXFORD DE PHRASAL VERBS PARA ESTUDIANTES DE INGLES,0,380.5,000,000
20,9780194317474,9780194317474,OXFORD STUDENTS DICTIONARY WITH CD ROM SECOND EDITION,0,401.5,000,000
21,9780553214499,9780553214499,JOS BOYS,0,61.5,000,000
22,9780140386332,9780140386332,THE NEVERENDING STORY,0,99,000,000
23,9780330419048,9780330419048,NOT A PENNY MORE NOT A PENNY LESS,0,102,000,000
24,9780060734015,9780060734015,BRIDGE OF THERABITHIA,0,84,000,000
25,9780060765484,9780060765484,THE LION THE WITCH AND THE WARDROVE THE ORIGINAL NOVEL,0,116.5,000,000
26,9780345339683,9780345339683,THE HOBBIT THE LORD OF RINGS,0,162,000,000
27,9780261102217,9780261102217,THE HOBBIT,0,101.5,000,000
28,9780545069397,9780545069397,THE FALL OF THE AMAZING ZALINDAS,0,82.5,000,000
29,9780590129985,9780590129985,READIND BOOK CLOCKWORK BY PHILIP PULLMAN,0,67,000,000
30,9781476712048,9781476712048,BEAUTIFUL DISASTER,0,175,000,000
31,9788466808743,9788466808743,X MEN LEVEL 1 fuera de publicacion,0,111.5,000,000
32,9781904720331,9781904720331,BUFFY THE VAMPIRE SLAYER HALLOWEEN LEVEL 1  WITH CD,0,128,000,000
33,9788466812214,9788466812214,ROBIN HOOD THE TAXMAN WITH CD,0,128,000,000
34,9781906861063,9781906861063,ZOEY 101 WITH CD,0,128,000,000
35,9781408208885,9781408208885,PENGUIN READERS 3 KING LEAR AUDIO CD PACK,0,138,000,000
36,9781447925514,9781447925514,PENG LONG 3 FOOD FOR THOUGHTBOOK AND MP3,0,138,000,000
37,9781405878920,9781405878920,PENGUIN READERS 3 THE CANTERBURY TALES AUDIO CD PACK,0,138,000,000
38,9781408278055,9781408278055,PENGUIN READERS 2 THE IMPORTANCE OF BEING EARNEST AUDIO CD MP3 PACK,0,127,000,000
39,9781408285107,9781408285107,PENG LONG 2 LOST IN NEW YORK BOOK AND MP3,0,127,000,000
40,9781408285077,9781408285077,PENGUIN READERS 2 THE LADY IN THE LAKE AUDIO CD MP3 PACK,0,127,000,000
41,9781408278017,9781408278017,PENGUIN LONG 2 CHRISTMAS CAROL BOOK AND MP3 PACK,0,127,000,000
42,9781408285152,9781408285152,PENGUIN READERS 2 OF MICE AND MEN AUDIO CD MP3 PACK,0,127,000,000
43,9781405884402,9781405884402,PENGUIN ACTIVE READING 1 THE RAINBOWN SERPENT BOOK AND CD ROM PACK,0,133,000,000
44,9781405878081,9781405878081,PENGUIN READERS 1 KAREN AND THE ARTIST AUDIO CD PACK,0,127,000,000
45,9780230400498,9780230400498,MACMILLAN READERS PRE INTERMEDIATE KICK OFF THE STORY OF FOOTBALL,0,96,000,000
46,9781405087278,9781405087278,MACMILLAN READERS PRE INTERMEDIATE A MIDSUMMER NIGHTS DREAM,0,109,000,000
47,9781405072595,9781405072595,MACMILLAN READERS ELEMENTARY CLAWS,0,99,000,000
48,9781405076265,9781405076265,MACMILLAN READERS BEGINNER MARCO WITH CD,0,150,000,000
49,9781405078009,9781405078009,MACMILLAN READERS STARTER IN THE FRAME WITH CD,0,150,000,000
50,9781405077989,9781405077989,MACMILLAN READERS STARTER THE UMBRELLA WITH CD,0,150,000,000
51,9780194792172,9780194792172,OXFORD BOOKWORMS LIBRARY 3E LEVEL 5 BRAT FARRAR,0,134.5,000,000
52,9780462098760,9780462098760,SUPERSTAR,0,186,000,000
53,9780462098821,9780462098821,THE TOP FLOOR,0,186,000,000
54,9780194233941,9780194233941,OXFORD BOOKWORMS FACTFILES 4 GREAT CRIMES FACTFILE,0,134.5,000,000
55,9780194791915,9780194791915,OXFORD BOOKWORMS LIBRARY 3E LEVEL 4 THE UNQUIET GRAVE,0,134.5,000,000
56,9780194237758,9780194237758,OBWL FACTFILES 3 FORMULA ONE FACTFILE AUDIO CD PACK 2E,0,157.5,000,000
57,9780194791359,9780194791359,OXFORD BOOKWORMS LIBRARY 3E LEVEL 3 TOOTH AND CLAW SHORT STORIES,0,114,000,000
58,9780194232814,9780194232814,OBW 2 HUCLEBERRY FINN WITH AUDIO CD,0,129,000,000
59,9780194235211,9780194235211,OXFORD BOOKWORMS PLAYSCRIPTS 2 ROMEO AND JULIET PLAYSCRIPT,0,114,000,000
60,9780194248808,9780194248808,THE LOST WORLD (DOMINOES SECOND EDITION),0,114,000,000
61,9780194249836,9780194249836,DOMINOES V IS FOR VAMPIRE LEVEL 2 NEW EDITION,0,114,000,000
62,9780194232654,9780194232654,OBW 1 ONE WAY TICKET WITH AUDIO CD,0,129,000,000
63,9780194235006,9780194235006,OXFORD BOOKWORMS PLAYSCRIPTS 1 FIVE SHORT PLAYS,0,114,000,000
64,9780194232692,9780194232692,OBW 1 YHE WITCHES OF PENDLE WITH AUDIO CD,0,129,000,000
65,9780194247351,9780194247351,*DOMINOES LEVEL 1 20000,0,173.5,000,000
66,9780194234160,9780194234160,OXFORD BOOKWORMS LIBRARY 2E STARTER ROBIN HOOD,0,87,000,000
67,9780194234122,9780194234122,OXFORD BOOKWORMS LIBRARY 2E STARTER ESCAPE,0,87,000,000
68,9780194232777,9780194232777,OBW 2 DEATH KAREN WITH AUDIO CD,0,129,000,000
69,9780330449847,9780330449847,ADULTERY CLUB ('A' FORMAT OME),0,112.5,000,000
70,9781843535171,9781843535171,THE ROUGH GUIDE TO DA VINCI CODE,0,144,000,000
71,9780330508537,9780330508537,THE HITCHHIKERS GUIDE TO THE GALAXY,0,136,000,000
72,9780330508605,9780330508605,SO LONG AND THANKS FOR ALL THE FISH,0,136,000,000
73,9780747560449,9780747560449,THE WORLD BELOW,0,227,000,000
74,9780747549352,9780747549352,THE BOOK OF REVELATION PB,0,215,000,000
75,9780330508575,9780330508575,LIFE DE UNIVERSE AND EVERYTHING,0,136,000,000
76,9780330446402,9780330446402,STORM THE INFITITY CODE,0,112.5,000,000
77,9780753431849,9780753431849,KINGFISHER FIRST ENCYCLOPEDIA,0,329,000,000
78,9780545330282,9780545330282,DISCOVER MORE PLANETS,0,156,000,000
79,9780061243585,9780061243585,THE DANGERUS BOOK FOR BOYS,0,366,000,000
80,9781405302821,9781405302821,DK THE COMPLETE BIBLE BOOK HB,0,383.5,000,000
81,9780194714563,9780194714563,NEW HEADWAY THIRD EDITION BEGINNER STUDENTS BOOK,0,322.5,000,000
82,9780194717427,9780194717427,NEW HEADWAY THIRD EDITION BEGINNER WORKBOOK WITHOUT KEY WITH AUDIO PACK,0,187.5,000,000
83,9781408219300,9781408219300,SPEAKOUT ELEMENTARY STUDENT BOOK AND DVD ACTIVE BOOK,0,340.5,000,000
84,9781408259467,9781408259467,SPEAKOUT ELEMENTARY WORKBOOK NO KEY WITH AUDIO CD,0,157.5,000,000
85,9781408219317,9781408219317,SPEAKOUT INTERMEDIATE STUDENT BOOK AND DVD ACTIVE BOOK,0,340.5,000,000
86,9781408259481,9781408259481,SPEAKOUT INTERMEDIATE WORKBOOK NO KEY AND AUDIO CD,0,157.5,000,000
87,9781408219324,9781408219324,SPEAKOUT PRE INTERMEDIATE STUDENT BOOK AND DVD ACTIVE BOOK,0,340.5,000,000
88,9781408259504,9781408259504,SPEAKOUT PRE INTERMEDIATE WORKBOOK NO KEY AND AUDIO CD,0,157.5,000,000
